"Codigo","Criterios","CantCriterios"
"0400860","Foreign,StockMin,RepStkMin","3"
"100001490102","Excel,Foreign,StockMin","3"
"100001490103","Excel,Foreign,StockMin","3"
"100001490104","Excel","1"
"101801300400","Excel","1"
"106501520000","Excel","1"
"106501610000","Excel","1"
"124001040192","Foreign","1"
"124025060500","StockMin","1"
"124029061000","StockMin","1"
"125030000000","StockMin","1"
"125060000000","Excel,Foreign,StockMin","3"
"126400000000","StockMin","1"
"126400100000","StockMin","1"
"12900100000000","Excel,Excel","2"
"12900200000000","Excel","1"
"12920000000000","Excel","1"
"12920100000000","Excel","1"
"12920200000000","Excel","1"
"12920300000000","Excel","1"
"12940060000000","Excel","1"
"12940100000000","Excel","1"
"12940200000000","Excel","1"
"12940300000000","Excel","1"
"12981010000000","Excel,Excel","2"
"12981020000000","Excel,Excel","2"
"130010000000","StockMin","1"
"130020000000","Excel,Foreign,StockMin","3"
"130030000000","Excel,Foreign,StockMin","3"
"130060000000","Excel,StockMin","2"
"130070000000","Excel,Foreign,StockMin","3"
"130080000000","Excel,StockMin","2"
"130090000000","Excel,Foreign,StockMin,Formula","4"
"130100000000","Excel,StockMin","2"
"130110000000","Excel,StockMin","2"
"140015000000","Excel","1"
"140022000000","Foreign,StockMin","2"
"140032000000","Foreign,StockMin","2"
"140038000000","Excel,StockMin","2"
"140041000000","StockMin","1"
"140045000000","Excel,StockMin","2"
"140055000000","Excel,Foreign,StockMin","3"
"140070000000","Excel,StockMin","2"
"140080000000","Excel,StockMin","2"
"140090002263","Foreign","1"
"140090003927","Excel,Foreign,StockMin","3"
"140090055493","Excel,Foreign,StockMin","3"
"140090060000","Foreign","1"
"140090062000","Foreign","1"
"140090070000","Foreign","1"
"140090071000","Foreign","1"
"140090226698","Excel,Foreign,StockMin","3"
"150001000000","Foreign","1"
"150003000000","Excel,Foreign,StockMin","3"
"152036000000","StockMin","1"
"152045000000","Excel,Foreign,StockMin","3"
"153051000000","StockMin","1"
"154019000000","StockMin,Formula","2"
"155000000000","Excel,Foreign,StockMin","3"
"155015800000","StockMin","1"
"155044000000","StockMin","1"
"156004500200","Foreign","1"
"157040100000","Foreign","1"
"157040200000","Excel,Foreign,StockMin","3"
"157040300000","Excel,Foreign,StockMin,Formula","4"
"157040400000","Foreign","1"
"157040500000","Excel,Foreign,StockMin","3"
"157040520000","Foreign","1"
"158027000000","StockMin,Formula","2"
"158080001000","StockMin","1"
"158081000000","Excel,Foreign,StockMin","3"
"158090100000","Foreign","1"
"158090200000","Foreign","1"
"158090300000","Excel,Foreign,StockMin","3"
"158090400000","Excel,Foreign,StockMin","3"
"158090500000","Foreign","1"
"158090600000","Excel,Foreign,StockMin","3"
"158090700000","Excel,Foreign,StockMin","3"
"158090800000","Excel,Foreign,StockMin","3"
"158090900000","Foreign","1"
"158090910000","Excel,Foreign,StockMin","3"
"158091000000","Excel,Foreign","2"
"158200100000","Excel,Foreign,StockMin","3"
"158200200000","Excel,Foreign,StockMin","3"
"158200300000","Excel,Foreign,StockMin,Formula","4"
"158200400000","Excel,Foreign,StockMin,Formula","4"
"158200600000","Excel,StockMin,Formula","3"
"158200800000","Excel,StockMin,Formula","3"
"158200900000","Excel,Foreign,StockMin,Formula","4"
"158201000000","Excel,Foreign,Formula","3"
"159001000000","StockMin","1"
"159082380000","StockMin","1"
"159236355020","Excel,Foreign,StockMin","3"
"159236355040","Excel,Foreign","2"
"159236365000","Foreign","1"
"159236365020","Excel,Foreign,StockMin","3"
"159236365040","Excel,Foreign","2"
"159236375020","Excel,Foreign,StockMin,Formula","4"
"159236380000","Excel,Foreign,StockMin","3"
"159236380040","Excel,Foreign,StockMin","3"
"159236390000","Excel,Foreign,StockMin","3"
"159236390020","Excel,Foreign,StockMin","3"
"159236390040","Excel,Foreign,StockMin","3"
"159240600000","Excel,Foreign,StockMin","3"
"159251000000","Excel,Foreign","2"
"161000000000","Excel,Foreign,StockMin","3"
"164040040004","Foreign","1"
"164040040005","Foreign","1"
"164050040003","Excel,Foreign,StockMin","3"
"164050040004","Excel,Foreign,StockMin","3"
"164050040005","Excel,Foreign,StockMin","3"
"164050050003","Excel,Foreign,StockMin","3"
"164050050004","Excel,Foreign,StockMin","3"
"164050050005","Excel,Foreign,StockMin","3"
"164050060004","Excel,Foreign,StockMin","3"
"164050060005","Excel,Foreign,StockMin","3"
"164060040003","Excel,Foreign","2"
"164060040004","Excel,Foreign","2"
"164060040005","Excel","1"
"164060050003","Excel,Foreign","2"
"164060050004","Excel,Foreign","2"
"164060050005","Excel,Foreign","2"
"164060060003","Excel,Foreign","2"
"164060060004","Excel,Foreign","2"
"164070004003","Excel,Foreign,StockMin","3"
"164070040004","Excel,Foreign,StockMin","3"
"164070040005","Excel,Foreign,StockMin","3"
"164070050003","Excel,Foreign","2"
"164070050004","Excel,Foreign,StockMin","3"
"164070050005","Excel,Foreign,StockMin","3"
"164080004004","Foreign","1"
"164080004005","Foreign","1"
"164080005004","Foreign","1"
"164080005005","Foreign","1"
"164090000000","Excel,Foreign","2"
"164090001800","Excel,Foreign","2"
"164090002200","Excel,Foreign","2"
"164090002500","Excel,Foreign","2"
"203019010000","Formula","1"
"203046100003","Formula","1"
"21200500000000","Excel","1"
"22400100000000","Excel","1"
"226002000000","Excel,Foreign,StockMin,Formula","4"
"227406000000","StockMin,Formula","2"
"227410000000","StockMin","1"
"227501000000","StockMin","1"
"2275025000000","Excel","1"
"227502600000","Excel,StockMin","2"
"227507000000","StockMin","1"
"227508000000","Foreign,StockMin","2"
"22800300000000","Excel","1"
"22800350000000","Excel","1"
"22800400000000","Excel","1"
"22800450000000","Excel","1"
"22800500000000","Excel","1"
"22800550000000","Excel","1"
"22800600000000","Excel","1"
"22800650000000","Excel","1"
"22800700000000","Excel","1"
"22800750000000","Excel","1"
"22800800000000","Excel","1"
"22800850000000","Excel","1"
"22800900000000","Excel","1"
"22800950000000","Excel","1"
"22801000000000","Excel","1"
"22810100000000","Excel","1"
"22810200000000","Excel","1"
"22810300000000","Excel","1"
"22815100000000","Excel","1"
"22815200000000","Excel","1"
"22815300000000","Excel","1"
"22820700000000","Excel","1"
"22820900000000","Excel","1"
"22821000000000","Excel","1"
"22821100000000","Excel","1"
"230101000000","StockMin","1"
"232001000000","StockMin","1"
"244060000000","Excel,Foreign,StockMin,Formula","4"
"245010000000","Excel,Foreign,StockMin,Formula","4"
"245012000000","Excel,Foreign,StockMin,Formula","4"
"245014000000","Foreign","1"
"245015000000","Foreign","1"
"245086003180","Foreign","1"
"247002000000","Foreign","1"
"247004000000","Foreign","1"
"247009810000","Excel","1"
"247552000000","Excel,Foreign,StockMin,Formula","4"
"247554000000","Excel,Foreign","2"
"247555000000","Excel,Foreign","2"
"247556000000","Excel,Foreign","2"
"247557000000","Excel,Foreign","2"
"247558000000","Excel","1"
"248980048501","Foreign","1"
"248980048502","Foreign","1"
"248980060100","StockMin,Formula","2"
"248980097319","Foreign","1"
"248980097323","Foreign","1"
"249012000000","Excel,Foreign,StockMin","3"
"250302000000","Foreign","1"
"250308000000","Excel,Foreign,StockMin","3"
"250309000000","Foreign","1"
"250310000000","Foreign","1"
"250311000000","Foreign","1"
"250312000000","Excel","1"
"250313000000","Excel,StockMin","2"
"250402000000","Excel","1"
"251001000000","Excel,StockMin","2"
"251021000000","Foreign","1"
"251024000000","Foreign","1"
"251024100000","Foreign","1"
"251024200000","Excel","1"
"251025000000","Foreign","1"
"255000000000","Excel,Foreign,StockMin,Formula","4"
"255006000000","Foreign","1"
"255008000000","Foreign","1"
"255011000000","Foreign","1"
"255012000000","Excel,Formula","2"
"255013000000","Excel,Formula","2"
"255014000000","Excel","1"
"255015000000","Formula","1"
"255016000000","StockMin","1"
"255018000000","Excel","1"
"255019000000","Excel,Formula","2"
"255019010000","Excel","1"
"255020000000","Excel,Formula","2"
"255021000000","Excel","1"
"258011000000","Excel,Foreign,StockMin","3"
"258012000000","Foreign","1"
"258013000000","Excel,Foreign","2"
"259040000000","Foreign","1"
"259052000000","Foreign","1"
"260011100000","Foreign","1"
"260013000000","Excel,Foreign,StockMin,Formula","4"
"260014000000","Foreign","1"
"260015000002","Excel","1"
"260016000000","Foreign","1"
"260016000004","Excel","1"
"260017000000","Foreign","1"
"260018000000","Foreign","1"
"260060100000","Excel,Foreign","2"
"262011000000","Foreign","1"
"262013000000","Foreign","1"
"262015000000","Foreign","1"
"262016000000","Excel,Foreign,Formula","3"
"262017000000","Excel,Foreign","2"
"262018000000","Excel,Foreign","2"
"264067000000","Foreign","1"
"264068000000","Excel,Foreign,StockMin","3"
"264070000000","Foreign","1"
"264075000000","Excel","1"
"264079000000","Foreign","1"
"264080000000","Excel,Foreign","2"
"264081000000","Excel,Foreign,Formula","3"
"266052000000","Foreign","1"
"266060000000","Excel,Foreign,StockMin","3"
"267000100370","Excel","1"
"267000210850","Excel","1"
"267003001001","StockMin","1"
"267003001002","Excel,Foreign,StockMin","3"
"267003501110","Excel,Foreign,StockMin","3"
"267004001000","StockMin","1"
"267004001120","Excel,Foreign,StockMin","3"
"267004501130","Excel,Foreign,StockMin","3"
"267005001100","StockMin","1"
"267005001210","Excel,Foreign,StockMin","3"
"267005501220","Excel,Foreign,StockMin","3"
"267006001100","StockMin","1"
"267006001230","Excel,Foreign,StockMin","3"
"267006501240","Excel,Foreign,StockMin","3"
"267007001216","Excel,Foreign","2"
"267007001250","Excel,Foreign,StockMin","3"
"267007041250","StockMin","1"
"267007041251","StockMin","1"
"267007501260","Excel,Foreign,StockMin","3"
"267008001216","Excel,Excel,Foreign,StockMin","4"
"267008001270","Excel,Foreign,StockMin","3"
"267008041360","Foreign,StockMin","2"
"267008041361","Foreign,StockMin","2"
"267008501280","Excel,Foreign,StockMin","3"
"267009001470","Excel,Foreign","2"
"267009001490","Excel,Foreign,StockMin","3"
"267009041570","StockMin","1"
"267009041571","StockMin","1"
"267009501411","Excel,Foreign,StockMin","3"
"267010001412","Excel,StockMin","2"
"267010001500","Excel,Foreign,StockMin","3"
"267010041880","StockMin","1"
"267010041881","StockMin","1"
"267010501413","StockMin","1"
"267011001414","Excel,StockMin","2"
"267021000000","Excel,Foreign,StockMin","3"
"267022000000","StockMin","1"
"267025000000","Excel","1"
"267031000000","Foreign","1"
"267051000000","Foreign","1"
"267056000000","Excel,Foreign,StockMin,Formula","4"
"267062001000","Excel,Foreign,Formula","3"
"267065001000","Excel,Foreign","2"
"267070006000","Foreign","1"
"267070006706","Foreign","1"
"267092001988","Foreign,StockMin","2"
"267092001989","Foreign,StockMin","2"
"267092001990","Foreign,StockMin","2"
"267092001991","Foreign,StockMin","2"
"267092001995","Excel,Foreign","2"
"267092002000","Excel,Foreign,Formula","3"
"267092002100","Excel,Foreign","2"
"267092002200","Excel,Foreign","2"
"267092002300","Foreign","1"
"267092730005","Excel,Foreign","2"
"267092730130","Foreign,StockMin","2"
"267092730140","StockMin","1"
"267092770010","Foreign,StockMin","2"
"267092770020","StockMin","1"
"267092770030","Foreign,StockMin","2"
"267092770031","Excel","1"
"267300050300","StockMin","1"
"267431005036","StockMin","1"
"267431005425","StockMin","1"
"267431040411","StockMin","1"
"267680102810","Excel,Foreign,StockMin","3"
"267680103510","Excel,Foreign,StockMin","3"
"267680103515","Excel,Foreign,StockMin,Formula","4"
"267680103810","Excel,Foreign,StockMin","3"
"267680103815","Excel,Foreign,StockMin","3"
"267682102810","Excel,Foreign,StockMin","3"
"267682103510","Excel,Foreign,StockMin","3"
"267682103515","Excel,Foreign,StockMin,Formula","4"
"267682103810","Excel,Foreign,StockMin","3"
"267682103815","Excel,Foreign,StockMin","3"
"267682128412","Foreign","1"
"267682128416","Foreign","1"
"267682135516","Foreign","1"
"267682202810","Excel,Foreign,StockMin","3"
"267682302810","Excel,Foreign,StockMin","3"
"267700010000","Foreign","1"
"267700020000","Foreign,StockMin","2"
"267700025000","Foreign","1"
"267700030000","Foreign","1"
"267700040000","Foreign","1"
"267700045000","Foreign","1"
"267700050000","Foreign","1"
"267700060000","Foreign,StockMin,RepStkMin","3"
"267700070000","Foreign","1"
"267700080000","Foreign,StockMin,RepStkMin","3"
"267700090000","Foreign","1"
"267700100000","StockMin","1"
"267700110000","Foreign","1"
"267927300150","Foreign","1"
"267999800001","StockMin","1"
"267999800002","Excel,Foreign,StockMin","3"
"268005000000","Foreign","1"
"268018100000","Excel,Foreign,StockMin","3"
"268035150000","Foreign","1"
"268135100000","Foreign","1"
"270910000000","Foreign","1"
"270912000000","Excel,Foreign,StockMin","3"
"293800020132","Excel,Foreign,StockMin","3"
"293800020148","Excel,Foreign,StockMin","3"
"500900000000","StockMin","1"
"501014000000","Foreign,StockMin,Formula","3"
"501015000000","Foreign,StockMin,Formula","3"
"501018000000","Excel,Foreign,StockMin,Formula","4"
"502002100000","Excel,Foreign,StockMin,Formula","4"
"502004000000","Excel,Foreign,StockMin,Formula","4"
"506006000000","Foreign,StockMin","2"
"507002000000","StockMin","1"
"507008200000","StockMin,Formula","2"
"507010000000","StockMin,Formula","2"
"507012000000","StockMin,Formula","2"
"507013000000","StockMin","1"
"507018000000","StockMin,Formula","2"
"507018020000","StockMin,Formula","2"
"507019000000","Formula","1"
"507019010000","Formula","1"
"507021000000","StockMin,Formula","2"
"507022020000","Formula","1"
"507023000000","Formula","1"
"507023010000","StockMin,Formula","2"
"507024000000","Formula","1"
"507025000000","StockMin,Formula","2"
"507026000000","Formula","1"
"507027000000","Formula","1"
"507028000000","Excel,Formula","2"
"509004005001","Foreign,StockMin","2"
"509007505002","Foreign,StockMin","2"
"509007509002","Excel,Foreign,StockMin,Formula","4"
"509008509003","Excel,Foreign,StockMin,Formula","4"
"50901500240300","Excel","1"
"50901650580000","Excel","1"
"509022003103","StockMin,Formula","2"
"509022004003","StockMin,Formula","2"
"509028005003","StockMin","1"
"509035005003","StockMin,Formula","2"
"509035006003","StockMin","1"
"509037007503","StockMin","1"
"509050008009","StockMin","1"
"509080012504","StockMin","1"
"509081012504","StockMin,Formula","2"
"509095008003","StockMin","1"
"509104001002","Excel,Foreign,StockMin,Formula","4"
"509104001702","Foreign,StockMin","2"
"509104002002","Excel,Foreign,StockMin","3"
"509104003702","Excel,Foreign","2"
"509104004901","Excel,Foreign,StockMin,Formula","4"
"509107504803","Excel,Foreign,StockMin,Formula","4"
"509107505804","Excel,Foreign,StockMin,Formula","4"
"509108501903","Excel,Foreign,StockMin,Formula","4"
"509111020003","Excel,Foreign,StockMin","3"
"509115002403","Excel,Foreign","2"
"51501250500300","Excel","1"
"530037000003","StockMin","1"
"530040010003","Excel,Foreign,StockMin","3"
"530070010003","Excel,Foreign","2"
"530075010003","Excel,Foreign,StockMin","3"
"530080010003","Excel,Foreign,StockMin","3"
"530085000005","Excel,Foreign,StockMin","3"
"530110010003","Excel,Foreign,StockMin","3"
"530125010003","Excel,Foreign,StockMin","3"
"530165010003","Excel,Foreign,StockMin","3"
"545515002000","Foreign","1"
"54600000000000","Formula","1"
"555001000000","StockMin","1"
"556001000000","Foreign,StockMin,Formula","3"
"557002000000","StockMin","1"
"557003000000","StockMin","1"
"558001000000","StockMin,Formula","2"
"558004000000","StockMin","1"
"560002000000","StockMin","1"
"560004000000","StockMin","1"
"564001000000","StockMin","1"
"564004010000","StockMin","1"
"564006000000","StockMin","1"
"564007000000","StockMin","1"
"564009000000","StockMin","1"
"568000338400","Foreign","1"
"568000338430","Foreign","1"
"568010010000","Foreign,StockMin,RepStkMin,ConsuProd","4"
"568010020000","StockMin","1"
"568010030000","Foreign,StockMin","2"
"568010040000","StockMin","1"
"568010050000","Foreign,StockMin","2"
"568010060000","StockMin","1"
"568010070000","Foreign,StockMin,RepStkMin,ConsuProd","4"
"568014000000","Foreign,StockMin","2"
"568014100000","Foreign,StockMin","2"
"568015000000","Foreign,StockMin,RepStkMin,ConsuProd","4"
"568016000000","Foreign,StockMin","2"
"568017000000","Foreign,StockMin,RepStkMin,ConsuProd","4"
"568026018000","Foreign,StockMin","2"
"568027001100","Foreign,StockMin","2"
"568027001200","StockMin","1"
"568028000000","Foreign,StockMin","2"
"568030011000","Foreign,StockMin,RepStkMin,ConsuProd","4"
"568030012000","Foreign,StockMin","2"
"568030030000","Foreign,StockMin,RepStkMin,ConsuProd","4"
"568030040000","Foreign,StockMin","2"
"568030050000","Foreign,StockMin,RepStkMin,ConsuProd","4"
"568030100000","StockMin","1"
"568030110000","StockMin","1"
"568030120000","Foreign,StockMin","2"
"568035009000","StockMin","1"
"568035010000","StockMin","1"
"568035012000","StockMin","1"
"568035013000","StockMin","1"
"568040000000","StockMin","1"
"568043000000","StockMin","1"
"568044000000","StockMin","1"
"568045000000","Foreign,StockMin,RepStkMin,ConsuProd","4"
"568047012000","StockMin","1"
"568047014000","StockMin","1"
"568047015000","StockMin","1"
"568047016000","StockMin","1"
"568047022000","StockMin","1"
"568047026000","StockMin","1"
"568047027000","StockMin","1"
"568047028000","StockMin","1"
"568048000000","Foreign,StockMin,RepStkMin,ConsuProd","4"
"568048287005","StockMin","1"
"568048287006","Foreign,StockMin,RepStkMin,ConsuProd","4"
"568048290100","Foreign,StockMin","2"
"568048290110","Foreign,StockMin","2"
"568048290120","StockMin","1"
"568070015000","StockMin","1"
"568070021000","StockMin","1"
"568070025000","StockMin","1"
"568080000000","StockMin","1"
"568081000000","StockMin","1"
"568090000000","StockMin","1"
"568090010000","Foreign,StockMin,RepStkMin,ConsuProd","4"
"568090020000","Foreign,StockMin,RepStkMin,ConsuProd","4"
"568090030000","StockMin","1"
"568090040000","Foreign,StockMin","2"
"568090050000","Foreign,StockMin,RepStkMin,ConsuProd","4"
"568090060000","Foreign,StockMin,RepStkMin,ConsuProd","4"
"568090100000","Foreign,ConsuProd","2"
"568091000000","StockMin","1"
"568094000000","Foreign,ConsuProd","2"
"568096000000","StockMin","1"
"568097000000","Foreign,StockMin,RepStkMin,ConsuProd","4"
"568099000000","Foreign,ConsuProd","2"
"568101000000","StockMin","1"
"568170000000","StockMin","1"
"568170100000","StockMin","1"
"568170200000","StockMin","1"
"568170300000","Foreign,StockMin","2"
"568170400000","StockMin","1"
"568180000000","StockMin","1"
"568180100000","StockMin","1"
"568180110000","Foreign,StockMin,RepStkMin","3"
"568180120000","StockMin","1"
"568180130000","StockMin","1"
"568190000000","StockMin","1"
"568190100000","StockMin","1"
"568190200000","Foreign,StockMin","2"
"568190300000","StockMin","1"
"568190400000","StockMin","1"
"568190500000","StockMin","1"
"568191000000","StockMin","1"
"568200000000","StockMin","1"
"568200100000","StockMin","1"
"568200110000","StockMin","1"
"568300001000","StockMin","1"
"568300001100","StockMin","1"
"568300001200","Foreign,StockMin","2"
"568400150000","StockMin","1"
"568400200000","StockMin","1"
"568400260000","StockMin","1"
"568400330000","StockMin","1"
"568400430000","Foreign,StockMin,RepStkMin,ConsuProd","4"
"568400560000","StockMin","1"
"572000000000","StockMin,Formula","2"
"572010000000","StockMin,Formula","2"
"572020000000","StockMin,Formula","2"
"572041000000","StockMin,Formula","2"
"572050010000","StockMin,Formula","2"
"572050020000","StockMin,Formula","2"
"573030000000","StockMin","1"
"573041000000","StockMin","1"
"576030000000","StockMin","1"
"576035000000","StockMin","1"
"576040000000","StockMin,Formula","2"
"576050000000","StockMin","1"
"576070000000","Formula","1"
"576071000000","Formula","1"
"576080000000","Formula","1"
"576081000000","Formula","1"
"576090000000","Formula","1"
"576091000000","Formula","1"
"576092000000","Formula","1"
"576100000000","Formula","1"
"576110000000","StockMin,Formula","2"
"576111000000","Formula","1"
"576130000000","Formula","1"
"576160000000","StockMin,Formula","2"
"576170000000","StockMin","1"
"576181000000","Formula","1"
"576190000000","StockMin,Formula","2"
"576310000000","Formula","1"
"577011000000","StockMin,Formula","2"
"590187034000","StockMin","1"
"592096476500","StockMin","1"
"592096476600","StockMin","1"
"592097262500","StockMin","1"
"595006000000","StockMin,Formula","2"
"595007000000","StockMin,Formula","2"
"595013000000","StockMin,Formula","2"
"595014000000","StockMin","1"
"595015000000","StockMin","1"
"595017000000","StockMin","1"
"595019000000","StockMin","1"
"610002000000","StockMin","1"
"610060000000","Excel","1"
"613001000000","Foreign,StockMin","2"
"620008000000","StockMin","1"
"620011000000","Foreign,StockMin","2"
"620013000000","StockMin","1"
"620014000000","StockMin","1"
"620016000000","StockMin","1"
"620017000000","StockMin","1"
"620018000000","StockMin","1"
"620023000000","StockMin","1"
"620024000000","StockMin","1"
"620027000000","StockMin","1"
"620031000000","StockMin","1"
"620038000000","StockMin","1"
"620039000000","StockMin","1"
"621005000000","StockMin","1"
"621007000000","StockMin","1"
"621009000000","StockMin","1"
"622002000000","StockMin","1"
"625003000000","StockMin","1"
"625004000000","StockMin","1"
"625006000000","StockMin","1"
"625007000000","StockMin","1"
"625010000000","Foreign","1"
"625011000000","Foreign","1"
"625012000000","StockMin","1"
"625015000000","StockMin","1"
"626027020000","StockMin","1"
"631031000000","Excel,Foreign,StockMin","3"
"633002100000","Excel,Foreign,StockMin","3"
"633007000000","Foreign","1"
"633008000000","Excel,Foreign,StockMin,Formula","4"
"633009000000","Foreign","1"
"633013000000","StockMin","1"
"633013000001","StockMin","1"
"633030000000","Excel,StockMin","2"
"635001310300","Excel,StockMin","2"
"636004000000","Foreign,StockMin","2"
"636005100000","Foreign,StockMin,RepStkMin","3"
"636070035000","Excel,Foreign,StockMin,RepStkMin","4"
"636100052000","Excel,StockMin","2"
"640000000000","StockMin","1"
"640001000000","StockMin","1"
"640003000000","StockMin","1"
"640009000000","StockMin","1"
"640011000000","StockMin","1"
"640012000000","StockMin","1"
"640013000000","StockMin","1"
"640015000000","StockMin","1"
"640016000000","Excel,StockMin","2"
"640016110000","Excel,Foreign,StockMin","3"
"640020000000","StockMin","1"
"640021000000","StockMin","1"
"650001000000","StockMin","1"
"651001000000","StockMin","1"
"651002000000","StockMin","1"
"651003000000","StockMin","1"
"651004000000","StockMin","1"
"651005000000","StockMin","1"
"651008100000","StockMin","1"
"651008200000","StockMin","1"
"651015010000","StockMin","1"
"651015020000","StockMin","1"
"651015040000","StockMin","1"
"651018000000","StockMin","1"
"651019000000","StockMin","1"
"651019100000","StockMin","1"
"651020000000","StockMin","1"
"651021000000","StockMin","1"
"651022000000","StockMin","1"
"652001000000","StockMin","1"
"652002000000","StockMin","1"
"652006000000","StockMin","1"
"652006100000","StockMin","1"
"652006200000","StockMin","1"
"653003000000","StockMin","1"
"653004000000","StockMin","1"
"653006000000","StockMin","1"
"653008000000","StockMin","1"
"653009000000","StockMin","1"
"653013000000","StockMin","1"
"653015000000","StockMin","1"
"653017000000","StockMin","1"
"655001000000","StockMin","1"
"655001010000","StockMin","1"
"655002000000","StockMin","1"
"655002010000","StockMin","1"
"657400000000","StockMin","1"
"661000000000","StockMin","1"
"661001000000","StockMin","1"
"661012000000","StockMin","1"
"661013000000","StockMin","1"
"661014000000","StockMin","1"
"662003300000","StockMin","1"
"662004000000","StockMin","1"
"662004100000","StockMin","1"
"662004200000","StockMin","1"
"662004300000","StockMin","1"
"662005000000","StockMin","1"
"662005100000","StockMin","1"
"662005200000","StockMin","1"
"662005300000","StockMin","1"
"662006000000","StockMin","1"
"662006100000","StockMin","1"
"662006200000","StockMin","1"
"662006300000","StockMin","1"
"662007000000","StockMin","1"
"662007300000","StockMin","1"
"662008000000","StockMin","1"
"662009200000","StockMin","1"
"662009300000","StockMin","1"
"664008000000","StockMin","1"
"670001000000","StockMin","1"
"670002000000","StockMin","1"
"670010100000","Excel,Foreign,StockMin","3"
"670015000000","Excel,Foreign,StockMin,Formula","4"
"670015060000","Foreign","1"
"670016100000","Excel,Foreign,StockMin,Formula","4"
"680001000000","StockMin","1"
"680003000000","StockMin","1"
"685002000000","StockMin","1"
"685008000000","StockMin","1"
"685011000000","Excel,Foreign,StockMin,RepStkMin,ConsuProd","5"
"691003001000","Foreign","1"
"691003002000","Foreign","1"
"711460097401","Excel,StockMin","2"
"711460135401","Excel,StockMin","2"
"711460135402","Excel,StockMin","2"
"711460138401","Excel,StockMin","2"
"711460138402","Excel,StockMin","2"
"711818650011","Excel,StockMin","2"
"719009505305","StockMin","1"
"719784402410","Foreign","1"
"719785010000","Foreign","1"
"744366644010","Excel","1"
"744615104010","Excel,Foreign,StockMin,RepStkMin","4"
"744615184019","Excel,StockMin","2"
"747075814720","Excel,Foreign,StockMin,RepStkMin","4"
"747142714720","Excel,Foreign,StockMin,RepStkMin","4"
"748188634720","Excel,Foreign,StockMin,RepStkMin","4"
"748197844720","Excel,StockMin","2"
"748197854720","Excel,StockMin","2"
"778301010200","Foreign","1"
"779633207541","Foreign","1"
"781861121032","Excel,StockMin","2"
"781865000020","Excel","1"
"781865200020","Excel,Foreign,StockMin","3"
"781866101481","Excel,StockMin","2"
"781881760000","Excel","1"
"785461221000","Foreign","1"
"800000000000","Foreign","1"
"800000000118","Foreign","1"
"800000000169","Foreign","1"
"800000000186","Foreign","1"
"800000000205","Foreign,StockMin,RepStkMin","3"
"800000000211","Foreign,StockMin","2"
"800000000212","Foreign,StockMin,RepStkMin","3"
"800000000213","Foreign","1"
"800000000217","Excel,Foreign,StockMin,RepStkMin,ConsuProd","5"
"800000000224","Foreign,StockMin","2"
"800000000260","StockMin","1"
"800000000292","Excel,Foreign,StockMin","3"
"800000000293","Foreign","1"
"800000000295","StockMin","1"
"800000000302","StockMin","1"
"800000000321","StockMin","1"
"800000000342","Foreign","1"
"800000000346","StockMin","1"
"800000000350","Excel,Foreign","2"
"800000000352","StockMin","1"
"800000000357","Excel,StockMin,Formula","3"
"800000000407","Foreign,StockMin,RepStkMin","3"
"800000000408","Foreign,StockMin,RepStkMin","3"
"800000000409","Foreign,StockMin,RepStkMin","3"
"800000000411","StockMin","1"
"800000000412","Foreign,StockMin,RepStkMin","3"
"800000000414","StockMin","1"
"800000000415","Foreign,StockMin","2"
"800000000417","Foreign,StockMin,RepStkMin","3"
"800000000418","Foreign","1"
"800000000419","Foreign,StockMin","2"
"800000000420","StockMin","1"
"800000000421","Foreign,StockMin","2"
"800000000422","Foreign,StockMin","2"
"800000000423","Foreign,StockMin","2"
"800000000424","StockMin","1"
"800000000426","Foreign,StockMin","2"
"800000000427","Foreign,StockMin","2"
"800000000428","Foreign","1"
"800000000430","Foreign,StockMin","2"
"800000000431","Foreign,StockMin","2"
"800000000432","Foreign","1"
"800000000433","Foreign,StockMin","2"
"800000000434","StockMin","1"
"800000000435","StockMin","1"
"800000000436","Foreign,StockMin","2"
"800000000437","Foreign,StockMin,RepStkMin","3"
"800000000438","Foreign","1"
"800000000439","Foreign,StockMin","2"
"800000000463","StockMin","1"
"800000000480","Foreign","1"
"800000000519","Foreign,StockMin,RepStkMin","3"
"800000000556","StockMin","1"
"800000000611","StockMin","1"
"800000000614","StockMin","1"
"800000000617","StockMin","1"
"800000000620","StockMin","1"
"800000000657","StockMin","1"
"800000000668","StockMin","1"
"800000000669","StockMin","1"
"800000000675","Excel,StockMin","2"
"800000000676","Excel,StockMin","2"
"800000000677","Excel,StockMin","2"
"800000000679","Excel,StockMin","2"
"800000000683","StockMin","1"
"800000000684","StockMin","1"
"800000000754","StockMin","1"
"800000000784","StockMin","1"
"800000000785","StockMin","1"
"800000000812","StockMin","1"
"800000000813","StockMin","1"
"800000000814","StockMin","1"
"800000000816","StockMin","1"
"800000000841","StockMin","1"
"800000000848","StockMin","1"
"800000000853","Foreign,StockMin","2"
"800000000900","Foreign","1"
"800000000901","Foreign,StockMin,RepStkMin","3"
"800000000903","Foreign","1"
"800000000906","StockMin","1"
"800000000907","StockMin","1"
"800000000908","StockMin","1"
"800000000909","StockMin","1"
"800000000910","StockMin","1"
"800000000911","StockMin","1"
"800000000912","StockMin","1"
"800000000913","StockMin","1"
"800000000914","StockMin","1"
"800000000915","StockMin","1"
"800000000916","StockMin","1"
"800000000918","StockMin","1"
"800000000919","StockMin","1"
"800000000978","StockMin","1"
"800000000982","StockMin","1"
"800000000988","StockMin","1"
"800000000996","StockMin","1"
"800000000997","StockMin","1"
"800000001001","StockMin","1"
"800000001003","StockMin","1"
"800000001007","StockMin","1"
"800000001010","StockMin","1"
"800000001011","StockMin","1"
"800000001013","StockMin","1"
"800000001016","StockMin","1"
"800000001026","StockMin","1"
"800000001042","Foreign","1"
"800000001043","Foreign","1"
"800000001044","Foreign,StockMin,RepStkMin","3"
"800000001049","Foreign","1"
"800000001050","Foreign","1"
"800000001068","StockMin","1"
"800000001071","Foreign","1"
"800000001076","Foreign","1"
"800000001077","Foreign","1"
"800000001078","Foreign,StockMin,RepStkMin","3"
"800000001079","Foreign","1"
"800000001080","Foreign","1"
"800000001081","Excel,Foreign,StockMin,RepStkMin","4"
"800000001102","Foreign","1"
"800000001112","Foreign","1"
"800000001113","Foreign","1"
"800000001121","Foreign","1"
"800000001132","Foreign","1"
"800000001135","Foreign","1"
"800000001178","Foreign","1"
"800000001196","Foreign","1"
"800000001202","Foreign","1"
"800000001204","Foreign","1"
"800000001209","Foreign","1"
"800000001216","Foreign","1"
"800000001228","Foreign","1"
"800000001229","Foreign","1"
"800000001230","Foreign","1"
"800000001231","Foreign","1"
"800000001232","Foreign","1"
"800000001234","StockMin","1"
"800000001242","Foreign","1"
"800000001243","Foreign","1"
"800000001258","Foreign","1"
"800000001270","Excel,StockMin","2"
"800000001284","Foreign","1"
"800000001288","StockMin","1"
"800000001297","Foreign","1"
"800000001299","Foreign","1"
"800000001301","Foreign","1"
"800000001305","Foreign","1"
"800000001306","Foreign","1"
"800000001307","Foreign","1"
"800000001315","Foreign","1"
"800000001316","Foreign","1"
"800000001320","Foreign","1"
"800000001321","Foreign","1"
"800000001330","StockMin","1"
"800000001331","Foreign","1"
"800000001332","Foreign","1"
"800000001337","Foreign","1"
"800000001338","Foreign","1"
"800000001341","Foreign","1"
"800000001342","Foreign","1"
"800000001345","Excel,Foreign","2"
"800000001346","Excel,Foreign","2"
"800000001347","Excel,Foreign","2"
"800000001363","Foreign","1"
"800000001395","Excel,Foreign,StockMin","3"
"800000001396","Foreign","1"
"800000001402","Foreign","1"
"800000001406","Foreign","1"
"800000001408","Foreign","1"
"800000001419","Foreign","1"
"800000001466","Foreign","1"
"800000001473","Foreign","1"
"800000001474","Foreign","1"
"800000001475","Foreign","1"
"800000001478","Foreign","1"
"800000001479","Foreign","1"
"800000001480","Foreign","1"
"800000001481","Foreign","1"
"800000001533","Foreign","1"
"800000001537","Foreign","1"
"800000001538","Foreign","1"
"800000001558","Foreign","1"
"800000001566","Foreign","1"
"800000001567","Foreign","1"
"800000001571","Foreign","1"
"800000001575","Foreign","1"
"800000001580","Foreign","1"
"800000001587","Foreign","1"
"800000001588","Foreign","1"
"800000001590","Foreign","1"
"800000001591","StockMin","1"
"800000001592","StockMin","1"
"800000001593","StockMin","1"
"800000001594","StockMin","1"
"800000001595","StockMin","1"
"800000001596","StockMin","1"
"800000001597","StockMin","1"
"800000001598","StockMin","1"
"800000001599","StockMin","1"
"800000001625","Excel,Foreign,StockMin,RepStkMin","4"
"800000001632","Foreign","1"
"800000001633","Foreign","1"
"800000001634","Foreign","1"
"800000001635","Foreign","1"
"800000001638","Foreign","1"
"800000001639","Foreign","1"
"800000001643","StockMin","1"
"800000001710","StockMin","1"
"800000001711","StockMin","1"
"800000001712","StockMin","1"
"800000001836","Foreign","1"
"800000001838","Foreign","1"
"800000001839","Foreign","1"
"800000001842","Foreign","1"
"800000001849","StockMin","1"
"800000001855","Foreign","1"
"800000001858","Foreign","1"
"800000001875","Foreign","1"
"800000001876","Foreign","1"
"800000001878","Foreign","1"
"800000001895","Foreign","1"
"800000001902","StockMin","1"
"800000001903","StockMin","1"
"800000001904","StockMin","1"
"800000001905","StockMin","1"
"800000002120","Foreign","1"
"800000002122","Foreign","1"
"800000002123","Foreign","1"
"800000002124","Foreign","1"
"800000002135","Foreign","1"
"800000002137","Foreign","1"
"800000002138","Foreign","1"
"800000002180","StockMin","1"
"800000002182","Foreign","1"
"800000002185","Foreign","1"
"800000002190","Foreign","1"
"800000002193","Foreign","1"
"800000002194","Foreign","1"
"800000002195","Foreign","1"
"800000002196","Foreign","1"
"800000002198","Foreign","1"
"800000002199","Foreign","1"
"800000002200","Foreign","1"
"800000002202","Foreign","1"
"800000002203","Foreign","1"
"800000002204","Foreign","1"
"800000002205","Foreign","1"
"800000002206","Foreign","1"
"800000002207","Foreign","1"
"800000002208","Foreign","1"
"800000002209","Foreign","1"
"800000002210","Foreign","1"
"800000002211","Foreign","1"
"800000002213","Foreign","1"
"800000002215","Foreign","1"
"800000002217","Foreign","1"
"800000002219","Foreign","1"
"800000002221","Foreign","1"
"800000002222","Foreign","1"
"800000002223","Foreign","1"
"800000002224","Foreign","1"
"800000002225","Foreign","1"
"800000002226","Foreign","1"
"800000002227","Foreign","1"
"800000002228","Foreign","1"
"800000002229","Foreign","1"
"800000002230","Foreign","1"
"800000002231","Foreign","1"
"800000002232","Foreign","1"
"800000002233","Foreign","1"
"800000002234","Foreign","1"
"800000002235","Foreign","1"
"800000002236","Foreign","1"
"800000002237","Foreign","1"
"800000002238","Foreign","1"
"800000002239","Foreign","1"
"800000002240","Foreign","1"
"800000002241","Foreign","1"
"800000002242","Foreign","1"
"800000002243","Foreign","1"
"800000002244","Foreign","1"
"800000002245","Foreign","1"
"800000002246","Foreign","1"
"800000002247","Foreign","1"
"800000002248","Foreign","1"
"800000002250","Foreign","1"
"800000002265","Foreign","1"
"800000002267","Foreign","1"
"800000002269","Foreign","1"
"800000008995","StockMin","1"
"800000010129","Foreign","1"
"800000210129","Foreign","1"
"800000901146","Foreign","1"
"800000901575","Foreign,StockMin,RepStkMin","3"
"800000901576","Foreign,StockMin","2"
"800000901620","Foreign,StockMin","2"
"800000901652","Foreign,StockMin","2"
"800000901658","Foreign,StockMin","2"
"800000901659","StockMin","1"
"800000901779","StockMin","1"
"800000901826","StockMin","1"
"800000901827","StockMin","1"
"800000903993","Foreign,StockMin,RepStkMin","3"
"800000908957","Foreign,StockMin,RepStkMin","3"
"800000908978","Foreign","1"
"800000908981","Foreign,StockMin","2"
"800000908984","StockMin","1"
"800000908988","StockMin","1"
"800000908990","Foreign,StockMin","2"
"800000910624","Foreign,StockMin,RepStkMin","3"
"800000910905","Foreign","1"
"800000910908","Foreign","1"
"800005206634","Foreign","1"
"800007705204","Foreign","1"
"800007705206","Foreign","1"
"800008711661","Foreign","1"
"800008714991","Foreign,StockMin,RepStkMin","3"
"800008718030","Foreign","1"
"800009921030","Excel","1"
"800034501789","Foreign","1"
"800034501797","Foreign","1"
"800034501827","Foreign","1"
"800034502351","StockMin","1"
"800034502360","StockMin","1"
"800034502440","StockMin","1"
"800034503447","Foreign","1"
"800034505415","Foreign","1"
"800034505571","Foreign","1"
"800034505784","Foreign","1"
"800034505822","Foreign","1"
"800034506349","StockMin","1"
"800034506594","Foreign","1"
"800034506608","Foreign,StockMin,RepStkMin","3"
"800034506632","Foreign,StockMin,RepStkMin","3"
"800034506667","Foreign","1"
"800034506683","Foreign,StockMin","2"
"800034520872","StockMin","1"
"800034520880","Foreign","1"
"800034520910","Foreign,StockMin","2"
"800034520929","Foreign,StockMin,RepStkMin","3"
"800034520937","Foreign","1"
"800034520945","Foreign,StockMin,RepStkMin","3"
"800034520988","Foreign,StockMin,RepStkMin","3"
"800034520996","Foreign,StockMin,RepStkMin","3"
"800034521003","Foreign,StockMin,RepStkMin","3"
"800034521037","Foreign,StockMin,RepStkMin","3"
"800034521039","Foreign,StockMin,RepStkMin","3"
"800034521041","Foreign,StockMin,RepStkMin","3"
"800034521055","Foreign,StockMin,RepStkMin","3"
"800034521116","Foreign","1"
"800034521305","Foreign,StockMin,RepStkMin","3"
"800034521313","Foreign,StockMin,RepStkMin","3"
"800034521321","StockMin","1"
"800034521380","Foreign","1"
"800034521440","Foreign,StockMin,RepStkMin","3"
"800034521441","Foreign,StockMin","2"
"800034521470","Foreign,StockMin,RepStkMin","3"
"800034521550","Foreign,StockMin,RepStkMin","3"
"800034521569","Foreign,StockMin,RepStkMin","3"
"800034521593","Foreign","1"
"800034522000","Foreign","1"
"800034522004","Foreign,StockMin,RepStkMin","3"
"800034522011","Foreign","1"
"800034522013","Foreign","1"
"800034522014","Foreign","1"
"800034522015","Foreign","1"
"800034522017","Foreign","1"
"800034522018","Foreign,StockMin,RepStkMin","3"
"800034522101","Foreign,StockMin,RepStkMin","3"
"800034522103","Foreign,StockMin,RepStkMin","3"
"800034522104","Foreign,StockMin,RepStkMin","3"
"800034522105","Foreign,StockMin,RepStkMin","3"
"800034522106","Foreign,StockMin,RepStkMin","3"
"800034522108","Foreign,StockMin,RepStkMin","3"
"800034522110","Foreign,StockMin,RepStkMin","3"
"800034522113","Foreign","1"
"800034522114","Foreign,StockMin,RepStkMin","3"
"800034522122","Foreign,StockMin,RepStkMin","3"
"800034522166","Foreign,StockMin,RepStkMin","3"
"800034522204","Foreign","1"
"800034522207","Foreign","1"
"800034522208","Foreign,StockMin,RepStkMin","3"
"800034522210","Foreign","1"
"800034522280","Foreign,StockMin,RepStkMin","3"
"800034522281","Foreign","1"
"800034522282","Foreign,StockMin,RepStkMin","3"
"800034522285","Foreign,StockMin,RepStkMin","3"
"800034523001","Foreign","1"
"800034523002","Foreign","1"
"800034523100","Foreign","1"
"800034523116","Foreign","1"
"800034523142","StockMin","1"
"800034523143","Foreign","1"
"800034523144","Foreign","1"
"800034523151","Foreign","1"
"800034523180","Foreign","1"
"800034523183","Foreign","1"
"800034523185","Foreign","1"
"800034523191","Foreign","1"
"800034523292","Foreign","1"
"800034770025","Foreign,StockMin,RepStkMin","3"
"800034772302","Foreign","1"
"800034772305","Foreign","1"
"800034773103","Foreign","1"
"800034773106","Foreign","1"
"800034774002","Foreign","1"
"800034774270","Foreign","1"
"800034774355","Foreign","1"
"800034774385","Foreign","1"
"800034774386","Foreign","1"
"800034774501","Foreign","1"
"800034774502","Foreign","1"
"800034774503","Foreign","1"
"800034774504","Foreign","1"
"800034774505","Foreign","1"
"800034774507","Foreign","1"
"800034774508","Foreign","1"
"800034774509","Foreign","1"
"800034774510","Foreign","1"
"800040024912","StockMin","1"
"800040024913","StockMin","1"
"800054502424","StockMin","1"
"80034520856A","Foreign","1"
"801838000000","Excel,Foreign,StockMin","3"
"809110000000","StockMin","1"
"809150000000","StockMin","1"
"809220000000","StockMin","1"
"810070000220","Foreign,StockMin","2"
"811300000000","Foreign,StockMin","2"
"811752000000","Foreign,StockMin","2"
"811753000000","Excel,StockMin","2"
"811754000000","Foreign","1"
"811754000200","StockMin","1"
"811754018200","Excel,Foreign","2"
"812222000000","Foreign","1"
"812222001000","Excel,Foreign","2"
"824009000000","Foreign","1"
"824011000000","Foreign","1"
"824012000000","Foreign","1"
"824013000000","Foreign","1"
"824014000000","Foreign","1"
"832206000000","Excel,Foreign","2"
"832207000000","Excel","1"
"832248000000","Excel","1"
"84100160800000","Excel","1"
"84100160900000","Excel","1"
"841167000000","Foreign,StockMin","2"
"841168000000","Excel,Foreign","2"
"854020200000","Excel,Foreign,StockMin,Formula","4"
"854020300000","StockMin","1"
"859021000000","Foreign","1"
"859051000000","Excel,Foreign,StockMin,Formula","4"
"859300000000","Foreign","1"
"871001100008","Foreign","1"
"871001100010","Foreign","1"
"871001100206","Foreign","1"
"871001200012","Foreign","1"
"871001200014","Foreign","1"
"871001200016","Foreign","1"
"871001200018","Foreign","1"
"871001200020","Foreign","1"
"871001200022","Foreign","1"
"871001200024","Foreign","1"
"871001300016","Foreign","1"
"871001300018","Foreign","1"
"871001300020","Foreign","1"
"871001300022","Foreign","1"
"871001300024","Foreign","1"
"871004100012","Foreign","1"
"871004100014","Foreign","1"
"871004100016","Foreign","1"
"871004100018","Foreign","1"
"871004100020","Foreign","1"
"871004100022","Foreign","1"
"871004100024","Foreign","1"
"871005050008","Foreign","1"
"871006050010","Foreign","1"
"871007300016","Foreign","1"
"871007300018","Foreign","1"
"871007300020","Foreign","1"
"871007300022","Foreign","1"
"871007300024","Foreign","1"
"871008000800","Foreign","1"
"871008001000","Foreign","1"
"871008001400","Foreign","1"
"871100220600","Foreign","1"
"871100230600","Foreign","1"
"896502022500","Foreign","1"
"896502023000","Foreign","1"
"896502023500","Foreign","1"
"896502024000","Foreign","1"
"896502024500","Foreign","1"
"896502025500","Foreign","1"
"896502026000","Foreign","1"
"896502026500","Foreign","1"
"896502027000","Foreign","1"
"896502027500","Foreign","1"
"896503003000","Foreign","1"
"896503103000","Foreign","1"
"896503104000","Foreign","1"
"896503104500","Foreign","1"
"896503105000","Foreign","1"
"896503105500","Foreign","1"
"896503106000","Foreign","1"
"896503106500","Foreign","1"
"896503107000","Foreign","1"
"896503107500","Foreign","1"
"896503108000","Foreign","1"
"896503108500","Foreign","1"
"911060000000","StockMin","1"
"919092200000","StockMin","1"
"919093200000","StockMin","1"
"919099120000","StockMin","1"
"919099130000","StockMin","1"
"919099280000","StockMin","1"
"920003000000","StockMin","1"
"921011000000","StockMin","1"
"921012000000","StockMin","1"
"921022000000","StockMin","1"
"921024000000","StockMin","1"
"930001050000","StockMin","1"
"930007500000","StockMin","1"
"931001010000","Excel,StockMin","2"
"931005000000","StockMin","1"
"931005100000","Excel,StockMin","2"
"931005800000","StockMin","1"
"931005900000","StockMin","1"
"931006000000","StockMin","1"
"931006100000","StockMin","1"
"931007000000","StockMin","1"
"931012000000","StockMin","1"
"931013000000","StockMin","1"
"931014001000","StockMin","1"
"931014002000","StockMin","1"
"931014005000","StockMin","1"
"931014008576","StockMin","1"
"931016000000","StockMin","1"
"931017000000","StockMin","1"
"931018000000","StockMin","1"
"931019000000","StockMin","1"
"940003000000","Foreign,StockMin,RepStkMin,ConsuProd","4"
"940017000000","Foreign,StockMin,RepStkMin","3"
"940018000000","Foreign,StockMin,RepStkMin,ConsuProd","4"
"940019000000","Foreign,StockMin,RepStkMin,ConsuProd","4"
"940020000000","Foreign,StockMin,RepStkMin,ConsuProd","4"
"940021000000","Foreign,StockMin","2"
"940022000000","Foreign,StockMin,RepStkMin,ConsuProd","4"
"940023000000","Foreign,StockMin,RepStkMin,ConsuProd","4"
"940024000000","Foreign,StockMin,RepStkMin,ConsuProd","4"
"940025000000","Foreign,StockMin,RepStkMin,ConsuProd","4"
"940026000000","Foreign,StockMin,RepStkMin,ConsuProd","4"
"940027000000","Foreign,StockMin,RepStkMin,ConsuProd","4"
"980003000000","Foreign,StockMin,RepStkMin","3"
"980004000000","Foreign","1"
