"Proveedor","Codigo","Descripcion"
"Tecnica del plata ( es plaza pero llevarlo como exterior porque ellos lo piden al exterior )","931005100000","Caseina"
"Borla (Italia)","258011000000","Portador micro PF 0422 (va a quedar en desuso -se sustituye por proveedor chino )"
"Borla (Italia)","258013000000","IV filter 5110 ( transparente )"
"Alpingomma","270912000000","Succidares -LatexFree RR (en desuso , se sustituira por los chinos)"
"Martech","841168000000","Temporary pacing cath ref AC2026"
"Martech","84100160800000","branula ensobrada"
"Martech","84100160900000","CANULA MARTECH C/ALAS (ENSOBRADA)"
"Promepla","267056000000","Clamp p/alas Seldinger"
"KDL","260013000000","Male luer"
"SAKIRA","251001000000","llave 3 vias sakira lipidoresistentes"
"SAKIRA","801838000000","Ag. G 18x1½"
"SHANGHAI HEALTH MEDICAL CO","264080000000","tapon p /sonda"
"SHANGHAI HEALTH MEDICAL CO","22400100000000","TAPON P/SONDA 84425   ( el que inyectamos nosotros)"
"SHANGHAI HEALTH MEDICAL CO","260060100000","Roller carrito clamb (ABS)"
"SHANGHAI HEALTH MEDICAL CO","264075000000","Female Needle free conector SHANGAI"
"CHANGZHOU LONGYIN PLASTIC CO LTD","262016000000","Regulador de succion c/conexión plana"
"CHANGZHOU LONGYIN PLASTIC CO LTD","262017000000","Regulador de succion azul CH 8"
"CHANGZHOU LONGYIN PLASTIC CO LTD","262018000000","Regulador de succion negra CH 10"
"CHANGZHOU LONGYIN PLASTIC CO LTD","251024200000","Llave  1 via (nosotros le llamamos 2 vias )"
"SHANGHAI HEALTH MEDICAL CO","250313000000","GOTERO TRANSFUSOR ( DRIP CH )"
"BQ PLUS MEDICAL CO","247554000000","CONECT.MACHO ALIMENTAC.ENTERAL P/TUBOS øEXT. 3MM"
"BQ PLUS MEDICAL CO","247555000000","CONECT.HEMBRA ALIMENTAC.ENTERAL P/TUBOS øEXT.3MM"
"BQ PLUS MEDICAL CO","264081000000","TAPON P/CONECTOR HEMBRA ALIMENTACION ENTERAL"
"BQ PLUS MEDICAL CO","21200500000000","conector hembra alimentacion enteral sin tapon"
"BQ PLUS MEDICAL CO","247556000000","ADAPTADOR LUER LOCK ALIMENTACION ENTERAL"
"BQ PLUS MEDICAL CO","260015000002","Female Luer Lock 02 BQ Plus Medical"
"BQ PLUS MEDICAL CO","260016000004","Male Luer lock 04 BQ Plus Medical"
"BQ PLUS MEDICAL CO","250312000000","Gotero ambar c/filtro uv"
"BQ PLUS MEDICAL CO","247558000000","Conector luer macho c/filtro uv"
"BQ PLUS MEDICAL CO","247009810000","Conexión en Y c/filtro uv"
"BQ PLUS MEDICAL CO","247557000000","Jeringa enteral enfit 60 ml"
"BQ PLUS MEDICAL CO","250402000000","Gotero infusor N310"
"TRAVERSO- BONINI","249012000000","Gotero p/sangre TSL 1"
"TRAVERSO- BONINI","250308000000","Gotero aire AB12"
"HAEMOTRONIC 
/ COMED TRAVERSO (Italia)","247552000000","Conector 8100210000"
"HAEMOTRONIC 
/ COMED TRAVERSO (Italia)","244060000000","Tapón LL 8503361300"
"WIPAK","501018000000","Film ML PE 100 medi"
"WIPAK","502004000000","Papel 315mm 60g HS"
"WIPAK","502002100000","Papel 315mm AURINCO"
"SHANDONG WEIGAO 
Ver con Lourdes de GSSA( se le compra a sakira, no se compra mas a Shandong","854020200000","Jer.Luer-lock 3ml bulk  ( 27.12.2024 se van a pedir a sakira )"
"SHANDONG WEIGAO 
Ver con Lourdes de GSSA( se le compra a sakira, no se compra mas a Shandong","859051000000","JER.OMNI 5ML (CHINA)"
"BESPAK
(Pedir certificado de conformidad por lote)","266060000000","Válv.BK333303S blanca"
"BESPAK
(Pedir certificado de conformidad por lote)","226002000000","Válv.BK333308S transp."
"QOSINA","245010000000","Mini clamp N140082 (ver Hapool)"
"QOSINA","800000001345","Valvula de retencion 80105"
"QOSINA","800000001346","Conector macho 98653"
"QOSINA","800000001347","Tapon 99922"
"WELOC (Mercurius)","245012000000","Clamp PP30 azul (se usa para doble J)"
"PAJUNK
(Pedir certificado de conformidad por lote)","811753000000","Can. punción 2P 17,5G (se envasa solo para GSSA)"
"POLIZEN
(Pedir certificado de conformidad por lote)","159236355020","Pur pellet 2363-55D-BA20  (polizen item 581040)"
"POLIZEN
(Pedir certificado de conformidad por lote)","159236355040","Pur pellet 2363-55D-BA40"
"POLIZEN
(Pedir certificado de conformidad por lote)","159236365020","Pur pellet 2363-65D-BA20  (polizen item 581019)"
"POLIZEN
(Pedir certificado de conformidad por lote)","159236365040","Pur pellet 2363-65D-BA40"
"POLIZEN
(Pedir certificado de conformidad por lote)","101801300400","tub PU VE 1.8 X 2.7X400"
"POLIZEN
(Pedir certificado de conformidad por lote)","159236375020","Pur pellet 2363-75D-BA20  (polizen item 581027)"
"POLIZEN
(Pedir certificado de conformidad por lote)","159236380000","Pur pellet 2363-80AE virg. (polizen item 100066)"
"POLIZEN
(Pedir certificado de conformidad por lote)","159236380040","Pur pellet 2363-80AE-BA40"
"POLIZEN
(Pedir certificado de conformidad por lote)","159236390000","Pur pellet 2363-90AE virg.  (polizen item 100068)"
"POLIZEN
(Pedir certificado de conformidad por lote)","159236390020","Pur pellet 2363-90AE-BA20"
"POLIZEN
(Pedir certificado de conformidad por lote)","159236390040","Pur pellet 2363-90AE-BA40"
"POLIZEN
(Pedir certificado de conformidad por lote)","159251000000","Pellethane 2363 -90 AE 60 %"
"CHEMOGAS","685011000000","Gas ETO 90/10"
"CHEMOGAS","800000000350","cilindros de acero"
"ALBIS PLASTIC (Mercurius)","155000000000","Makrolon"
"ALBIS PLASTIC (Mercurius)","150003000000","ABS Novodur HD M203FC"
"INT AIR (Mercurius)","255000000000","Pieza en ángulo 22M/15F-15M FEM80V"
"VELCRO (Mercurius)","227502600000","Velcro abrojo 50mm"
"AMACO (Mercurius)","633008000000","Ribbon TR-46-110-600-0-SW (TR46012)"
"EPFLEX (Mercurius)
(Pedir certificado de conformidad por lote)","164050040003","Ext. Cálculo 4H (75cm) Ch3"
"EPFLEX (Mercurius)
(Pedir certificado de conformidad por lote)","164050040004","Ext. Cálculo 4H (75cm) Ch4"
"EPFLEX (Mercurius)
(Pedir certificado de conformidad por lote)","164050040005","Ext. Cálculo 4H (75cm) Ch5"
"EPFLEX (Mercurius)
(Pedir certificado de conformidad por lote)","164050050003","Ext. Cálculo 5H (75cm) Ch3"
"EPFLEX (Mercurius)
(Pedir certificado de conformidad por lote)","164050050004","Ext. Cálculo 5H (75cm) Ch4"
"EPFLEX (Mercurius)
(Pedir certificado de conformidad por lote)","164050050005","Ext. Cálculo 5H (75cm) Ch5"
"EPFLEX (Mercurius)
(Pedir certificado de conformidad por lote)","164050060004","Ext. Cálculo 6H (75cm) Ch4"
"EPFLEX (Mercurius)
(Pedir certificado de conformidad por lote)","164050060005","Ext. Cálculo 6H (75cm) Ch5"
"EPFLEX (Mercurius)
(Pedir certificado de conformidad por lote)","164070004003","Ext. Cálculo 4H (110cm) Ch3"
"EPFLEX (Mercurius)
(Pedir certificado de conformidad por lote)","164070040004","Ext. Cálculo 4H (110cm) Ch4"
"EPFLEX (Mercurius)
(Pedir certificado de conformidad por lote)","164070040005","Ext. Cálculo 4H (110cm) Ch5"
"EPFLEX (Mercurius)
(Pedir certificado de conformidad por lote)","164070050003","Ext. Cálculo 5H (110cm) Ch3"
"EPFLEX (Mercurius)
(Pedir certificado de conformidad por lote)","164070050004","Ext. Cálculo 5H (110cm) Ch4"
"EPFLEX (Mercurius)
(Pedir certificado de conformidad por lote)","164070050005","Ext. Cálculo 5H (110cm) Ch5"
"EPFLEX (Mercurius)
(Pedir certificado de conformidad por lote)","164060040003","Ext. Cálculo 4H (90cm) Ch3"
"EPFLEX (Mercurius)
(Pedir certificado de conformidad por lote)","164060040004","Ext. Cálculo 4H (90cm) Ch4"
"EPFLEX (Mercurius)
(Pedir certificado de conformidad por lote)","164060040005","Ext. Cálculo 4H (90cm) Ch5"
"EPFLEX (Mercurius)
(Pedir certificado de conformidad por lote)","164060050003","Ext. Cálculo 5H (90cm) Ch3"
"EPFLEX (Mercurius)
(Pedir certificado de conformidad por lote)","164060050004","Ext. Cálculo 5H (90cm) Ch4"
"EPFLEX (Mercurius)
(Pedir certificado de conformidad por lote)","164060050005","Ext. Cálculo 5H (90cm) Ch5"
"EPFLEX (Mercurius)
(Pedir certificado de conformidad por lote)","164060060003","Ext. Cálculo 6H (90cm) Ch3"
"EPFLEX (Mercurius)
(Pedir certificado de conformidad por lote)","164060060004","Ext. Cálculo 6H (90cm) Ch4"
"EPFLEX (Mercurius)
(Pedir certificado de conformidad por lote)","164090000000","MANGO P/EXTRACTOR DE CALCULOS"
"EPFLEX (Mercurius)
(Pedir certificado de conformidad por lote)","164090001800","CANASTILLA S/MANGO P/EXT.CALC. 4H CH1,8 (90CM)"
"EPFLEX (Mercurius)
(Pedir certificado de conformidad por lote)","164090002200","CANASTILLA S/MANGO P/EXT.CALC. 4H CH2,2 (90CM)"
"EPFLEX (Mercurius)
(Pedir certificado de conformidad por lote)","164090002500","CANASTILLA S/MANGO P/EXT.CALC. 4H CH2,5 (90CM)"
"EPFLEX (Mercurius)
(Pedir certificado de conformidad por lote)","832206000000","Tubuladura impresa hidrofilizada P/JJ 26cm CH6"
"EPFLEX (Mercurius)
(Pedir certificado de conformidad por lote)","832207000000","Tubuladura impresa hidrofilizada P/JJ 26cm CH7"
"EPFLEX (Mercurius)
(Pedir certificado de conformidad por lote)","832248000000","Tubuladura impresa hidrofilizada P/JJ 26 cm CH 4.8"
"EPFLEX (Mercurius)
(Pedir certificado de conformidad por lote)","268018100000","FIADOR SFC (.018"") /TH X 100CM"
"EPFLEX (Mercurius)
(Pedir certificado de conformidad por lote)","267680102810","ALMA (.028"") X 100CM - 21004431"
"EPFLEX (Mercurius)
(Pedir certificado de conformidad por lote)","267682302810","FIADOR ESPIRAL TEF.(.028"") X100CM ; se usa para el FIADOR 100cm  028 (codigo 22810100000000)"
"EPFLEX (Mercurius)
(Pedir certificado de conformidad por lote)","22810100000000","FIADOR 100 CM 028"
"EPFLEX (Mercurius)
(Pedir certificado de conformidad por lote)","267680103510","ALMA (.035"") X 100CM - 28003041"
"EPFLEX (Mercurius)
(Pedir certificado de conformidad por lote)","267682103510","FIADOR ESPIRAL TEFLONIZADO (.035"") X100CM 27000322"
"EPFLEX (Mercurius)
(Pedir certificado de conformidad por lote)","22810200000000","FIADOR 100 CM 035"
"EPFLEX (Mercurius)
(Pedir certificado de conformidad por lote)","267680103810","ALMA (.038"") X100CM - 29003370"
"EPFLEX (Mercurius)
(Pedir certificado de conformidad por lote)","267682103810","FIADOR ESP TEFLONIZADO (.038"") X100CM - 27000323"
"EPFLEX (Mercurius)
(Pedir certificado de conformidad por lote)","22810300000000","FIADOR 100 CM 038"
"EPFLEX (Mercurius)
(Pedir certificado de conformidad por lote)","267682102810","ALMA (.028"") X 150CM (Ø:0,35MM) - 28 00 30 42"
"EPFLEX (Mercurius)
(Pedir certificado de conformidad por lote)","267682202810","FIADOR ESP TEFLONIZADO 0.028X150 CM"
"EPFLEX (Mercurius)
(Pedir certificado de conformidad por lote)","22815100000000","FIADOR 150 CM 028"
"EPFLEX (Mercurius)
(Pedir certificado de conformidad por lote)","267680103515","ALMA (.035"") X 150CM - 27002724"
"EPFLEX (Mercurius)
(Pedir certificado de conformidad por lote)","267682103515","FIADOR ESP TEFLONIZADO (.035"") X 150CM - 25000146"
"EPFLEX (Mercurius)
(Pedir certificado de conformidad por lote)","22815200000000","FIADOR 150 CM 035"
"EPFLEX (Mercurius)
(Pedir certificado de conformidad por lote)","267680103815","ALMA (.038"") X150CM"
"EPFLEX (Mercurius)
(Pedir certificado de conformidad por lote)","267682103815","FIADOR ESPIRAL TEFLONIZADO (.038"")X150 27000252"
"EPFLEX (Mercurius)
(Pedir certificado de conformidad por lote)","22815300000000","FIADOR 150 CM 038"
"MODENPLAST (Mercurius)
(Pedir certificado de conformidad por lote)
Tener ademas presente minimos de compra que admiten (Archivo excel aparte)","157040200000","PVC INY RB 1 S 2 natur NO DOP (SH 86)     Actualizacion :18.12.2024           Minimo de compra 2750 kg"
"MODENPLAST (Mercurius)
(Pedir certificado de conformidad por lote)
Tener ademas presente minimos de compra que admiten (Archivo excel aparte)","157040300000","PVC INY RB 1 S1 natur NO DOP (SH 81)    Actualizacion 18.12.2024  minimo de compra 2750 kg"
"MODENPLAST (Mercurius)
(Pedir certificado de conformidad por lote)
Tener ademas presente minimos de compra que admiten (Archivo excel aparte)","158090300000","PVC EXT RB 1DU natur NO DOP (SH 92)"
"MODENPLAST (Mercurius)
(Pedir certificado de conformidad por lote)
Tener ademas presente minimos de compra que admiten (Archivo excel aparte)","158090400000","PVC EXT RB 1T 3M natur NO DOP (SH 84)"
"MODENPLAST (Mercurius)
(Pedir certificado de conformidad por lote)
Tener ademas presente minimos de compra que admiten (Archivo excel aparte)","158090600000","PVC EXT RB 3 natur NO DOP (SH 75)"
"MODENPLAST (Mercurius)
(Pedir certificado de conformidad por lote)
Tener ademas presente minimos de compra que admiten (Archivo excel aparte)","158090700000","PVC EXT RB 4 natur NO DOP (SH 70)"
"MODENPLAST (Mercurius)
(Pedir certificado de conformidad por lote)
Tener ademas presente minimos de compra que admiten (Archivo excel aparte)","158090800000","PVC EXT RB 6 natur NO DOP (SH 68)"
"MODENPLAST (Mercurius)
(Pedir certificado de conformidad por lote)
Tener ademas presente minimos de compra que admiten (Archivo excel aparte)","158081000000","PVC radiopaco NO DOP"
"MODENPLAST (Mercurius)
(Pedir certificado de conformidad por lote)
Tener ademas presente minimos de compra que admiten (Archivo excel aparte)","157040500000","PVC INY RB SMR NO DOP (SH A98)
Comentario 18.12.2024 , el proveedor no lo fabrica mas y ofrece el codigo de abajo como alternativa"
"MODENPLAST (Mercurius)
(Pedir certificado de conformidad por lote)
Tener ademas presente minimos de compra que admiten (Archivo excel aparte)","158091000000","PVC EXT RB/SMR Ca/Zn DEHT  Actualizacion 18.12.2024 : minimo de compra 2200 kg"
"MODENPLAST (Mercurius)
(Pedir certificado de conformidad por lote)
Tener ademas presente minimos de compra que admiten (Archivo excel aparte)","158090910000","PVC EXT. RB 5 M natur NO DOP (SH 52)"
"BIESTERFIELD     (INEOS (Mercurius))","152045000000","PE INY ELTEX HD6070 EA-B (PEAD HC7260/2080 ELTEX) (Biestefeld)"
"BELL MARK","800000001395","KIT SOLVENTES PARA LIMPIEZA IK2030"
"BELL MARK","633002100000","TINTA PMS 2945 MARK. INK"
"COLORCON","631031000000","TINT. TAMP MD 1001 NR 16 BLACK"
"ZHENGZHOU YI BANG INDUSTRY","640016110000","ETHYL LACTATE 98% 97-64-3"
"HELMUT- BERK (Mercurius)
(Pedir certificado de conformidad por lote)","161000000000","LATEX PREVULCANIZADO"
"R.S HUGHES COMPANY  
Aereo de USA","670016100000","ADHESIVO PRIMER 770 (viene de a 473 ml )"
"R.S HUGHES COMPANY  
Aereo de USA","670015000000","ADHESIVO INST. LOCTITE 406 (viene de a  454 gramos ) Actualizacion 19.12.2024 cambia la presentacion a frascos de 20 g"
"REICHELT (Mercurius)
Consultar a German","800000000217","ESTAÑO"
"WEKER  (Mercurius)","800000000292","PASTA SILICONA"
"WEKER  (Mercurius)","610060000000","PASTA SILICONA (pomo 90 ml)"
"OMYA GMBH (Mercurius)
(Pedir certificado de conformidad por lote)","158200100000","Vinnolit P70"
"OMYA GMBH (Mercurius)
(Pedir certificado de conformidad por lote)","158200900000","Vinnolit S 4170 (Consultar a Rossana cuando baje stock)"
"INTER- HARZ GMBH","158200200000","Edenol DBS"
"OVER LACK  (MERCURIUS)","158200300000","Plastomoll DOA"
"KRAHN (MERCURIUS)","158201000000","TOTM (Plastificante)"
"-","158200600000","Mark CZ 113"
"-","158200800000","Mark CZ 11"
"-","800000000357","Marklube 280"
"vogelsang (Mercurius)","267021000000","ALAMBRE ACERO SELDIN- 0.49X400 4310"
"vogelsang (Mercurius)","12900100000000","MANDRIL SELDINGER AZUL"
"Day engineering works","267062001000","ALAMBRE ALUM.2.6MM(+0.05)X525MM(±3)"
"Day engineering works","12981010000000","MANDRIL DOBLE LUMEN REVESTIDO X525 mm"
"Day engineering works","267065001000","ALAMBRE ALUM.2.6MM(+0.05)X600MM(±3)"
"Day engineering works","12981020000000","MANDRIL DOBLE LUMEN REVESTIDO X 600 mm"
"Day engineering works","267092730005","ALAMBRE acero 0.5X709"
"Day engineering works","12940300000000","MANDRIL CAT. URET. N_3"
"Day engineering works","12940060000000","MANDRIL CAT. URET.X570MM CH6"
"Day engineering works","267000210850","ALAMBRE  0,2 x 850 ACERO 4310"
"Day engineering works","12920000000000","MANDRIL DE EMBOLECT. N 0"
"Day engineering works","267092002000","ALAMBRE acero 0.3X850"
"Day engineering works","12920100000000","MANDRIL DE EMBOLECT. N_1"
"Day engineering works","267092002100","ALAMB. Acero 0.4X850"
"Day engineering works","12900200000000","MANDRIL SELDINGER VERDE"
"Day engineering works","12920200000000","MANDRIL DE EMBOLECT. N_2"
"Day engineering works","267092002200","ALAMB. Acero 0.5X850"
"Day engineering works","12920300000000","MANDRIL DE EMBOLECT. N_3"
"Day engineering works","12900100000000","MANDRIL SELDINGER AZUL  ( SE HACE CON ESTE ALAMBRE CUANDO NO ESTA EL OTRO )"
"Day engineering works","267092001995","ALAMBRE  0,3 x 709 ACERO 4310"
"Day engineering works","12940100000000","MANDRIL CAT. URET. N_1"
"Day engineering works","267025000000","ALAMBRE  0,4 x 709 ACERO 4310"
"Day engineering works","12940200000000","MANDRIL CAT. URET. N_2"
"Day engineering works","se usan para los mandriles de intubacion no esteriles",""
"Day engineering works","267000100370","ALAMBRE 1.0X370  92770010"
"Day engineering works","267092770031","ALAMBRE 1.5X470  92770030"
"Day engineering works","811754018200","CANULA PUNCION 3P 17.5G IPA18200"
"Day engineering works","812222001000","CANULA DE PUNCION 22G CN22220"
"LUPA","267003001002","Espiral 3,0mm (L1=210 ID=3,5 S=1,0)"
"LUPA","22800300000000","ESPIRAL P/ARMFLEX 3,0MM"
"LUPA","267003501110","Espiral 3,5mm (L1=210 ID=4,0 S=1,1)"
"LUPA","22800350000000","ESPIRAL P/ARMFLEX 3.5MM"
"LUPA","267004001120","Espiral 4,0mm (L1=210 ID=4,5 S=1,1)"
"LUPA","22800400000000","ESPIRAL P/ARMFLEX 4.0MM"
"LUPA","267004501130","Espiral 4,5mm (L1=230 ID=5,0 S=1,1)"
"LUPA","22800450000000","ESPIRAL P/ARMFLEX 4.5MM"
"LUPA","267005001210","Espiral 5,0mm (L1=230 ID=5,5 S=1,2)"
"LUPA","22800500000000","ESPIRAL P/ARMFLEX 5.0MM"
"LUPA","267005501220","Espiral 5,5mm (L1=230 ID=6,0 S=1,2)"
"LUPA","22800550000000","ESPIRAL P/ARMFLEX 5.5MM"
"LUPA","267006001230","Espiral 6,0mm (L1=290 ID=6,5 S=1,2)"
"LUPA","22800600000000","ESPIRAL P/ARMFLEX 6.0MM"
"LUPA","267006501240","Espiral 6,5mm (L1=290 ID=7,0 S=1,2)"
"LUPA","22800650000000","ESPIRAL P/ARMFLEX 6.5MM"
"LUPA","267007001250","Espiral 7,0mm (L1=295 ID=7,5 S=1,2)"
"LUPA","22800700000000","ESPIRAL P/ARMFLEX 7.0MM"
"LUPA","267007501260","Espiral 7,5mm (L1=295 ID=8,0 S=1,2)"
"LUPA","22800750000000","ESPIRAL P/ARMFLEX 7.5MM"
"LUPA","267008001270","Espiral 8,0mm (L1=295 ID=8,5 S=1,2)"
"LUPA","22800800000000","ESPIRAL P/ARMFLEX 8.0MM"
"LUPA","267008501280","Espiral 8,5mm (L1=300 ID=9,0 S=1,2)"
"LUPA","22800850000000","ESPIRAL P/ARMFLEX 8.5MM"
"LUPA","267009001490","Espiral 9,0mm (L1=300 ID=9,5 S=1,4)"
"LUPA","22800900000000","ESPIRAL P/ARMFLEX 9.0MM"
"LUPA","267009501411","Espiral 9,5mm (L1=300 ID=10,0 S=1,4)"
"LUPA","22800950000000","ESPIRAL P/ARMFLEX 9.5MM"
"LUPA","267010001412","Espiral 10,0mm (L1=300 ID=10,5 S=1,4)"
"LUPA","22801000000000","ESPIRAL P/ARMFLEX 10.0MM"
"LUPA","267007001216","Espiral 7,0mm (L1=75 ID=7,5 S=1,2)"
"LUPA","22820700000000","ESPIRAL P/TRAQ.ARMFLEX(PULIDO)7.0MM"
"LUPA","267008001216","Espiral 8,0mm (L1=100 ID=8,5 S=1,2)"
"LUPA","267008001216","ESPIRAL P/TRAQ.ARMFLEX(PULIDO)8.0MM"
"LUPA","267009001470","Espiral 9,0mm (L1=130 ID=9,5 S=1,4)"
"LUPA","22820900000000","ESPIRAL P/TRAQ.ARMFLEX(PULIDO)9.0MM"
"LUPA","267010001500","Espiral 10,0mm (L1=130 ID=10,5 S=1,4)"
"LUPA","22821000000000","ESPIRAL P/TRAQ.ARMF.(PULIDO)10.0MM"
"LUPA","267011001414","ESPIRAL 11.0MM(L1-130 ID-11.5 S-1.4"
"LUPA","22821100000000","ESPIRAL P/TRAQ.ARMF.(PULIDO)11.0MM"
"TAMPONCOLOR","636070035000","PLACA P/CLISE 70 x 350"
"KENT","636100052000","PLACA P/CLISE 100x 520 KS49C"
"KENT","635001310300","TAMPON PRINTING PAD Nº009 6 SHORE A/RED"
"COLORSERVICE","130020000000","MAST  0051/30% NEGRO  (G)"
"COLORSERVICE","130030000000","MAST  1008/25% AMARI. (G)"
"COLORSERVICE","130060000000","MAST  4003/20% VIOLETA(G)"
"COLORSERVICE","130070000000","MAST  5007/25% AZUL   (G)"
"COLORSERVICE","130080000000","MAST 6359   / 30 % VERDE"
"COLORSERVICE","130090000000","MAST  6558/20% VERDE  (G)"
"COLORSERVICE","130100000000","MAST  7007/40% GRIS   (G)"
"COLORSERVICE","130110000000","MAST  8055/40% MARRON (G)"
"COLORSERVICE","140090226698","MAST. MB UN ORANGE/NARANJO UN 226698"
"COLORSERVICE","140090003927","PIG MASTERBATCH - ROT / ROJO  UN 3927"
"COLORSERVICE","140090055493","PIG MASTERBATCH - VIOLETA UN55493"
"DEIFEL","140015000000","PIG.ROJO DEI POW 17002 DEIFEL"
"DEIFEL","140038000000","PIG.AZUL TRANS.DEI POW 16993 DEIFEL"
"DEIFEL","140045000000","PIG.NEGRO DEI POW 16496 DEIFEL"
"DEIFEL","140055000000","PIG. AMARILLO DEI POW 17151 DEIFEL(G)"
"DEIFEL","140070000000","PIG. P.V.ECHT-BRAUN H.F.R.MARRON(G)"
"DEIFEL","140080000000","PIG. HELIOGEN 8720 VERDE (G)"
"TIP CORP","509007509002","FAJA PE 75X90X50µm (TIP CORP)"
"TIP CORP","509008509003","FAJA PE 85X90X60µm (TIP CORP)"
"TIP CORP","509104001002","SOBRE PE 40X110X50 µm TROQUELADO TRANSVERSAL (TIP CORP)"
"TIP CORP","509104002002","SOBRE PE 40X200X50 µm TROQUELADO TRANSVERSAL (TIP CORP)"
"TIP CORP","509104003702","SOBRE PE 40X370X50 µm TROQUELADO TRANSVERSAL (TIP CORP)"
"TIP CORP","509104004901","SOBRE PE 40X500(+5)X40 µm TROQUELADO TRANSVERSAL (TIP CORP)"
"TIP CORP","509107504803","SOBRE PE 75X480X60 µm TROQUELADO TRANSVERSAL (TIP CORP)"
"TIP CORP","509107505804","SOBRE PE 75X580X60µm C/M 80mm TROQ.LONG.(TIP CORP)"
"TIP CORP","509108501903","SOBRE PE 85X190X60µm S/M TROQ.LONG.(TIP CORP)"
"TIP CORP","509111020003","FAJA PE 110X2000X60µm (TIP CORP)"
"TIP CORP","509115002403","SOBRE PE 150X240X60µm S/M (TIP CORP)"
"TIP CORP","530040010003","PE TUB. 40MM X60µm (TIP CORP)"
"TIP CORP","530070010003","PE TUB. 70MM X60µm (TIP CORP)"
"TIP CORP","530075010003","PE TUB. 75MM X60µm (TIP CORP)"
"TIP CORP","530080010003","PE TUB. 80MM X60µm (TIP CORP)"
"TIP CORP","530085000005","PE TUB. 90MM X 60 µM (TIP CORP)"
"TIP CORP","530110010003","PE TUB. 110MM X60µm (TIP CORP)"
"TIP CORP","530125010003","PE TUB. 125MM X60µm (TIP CORP)"
"TIP CORP","51501250500300","FAJA PE125X500"
"TIP CORP","530165010003","PE TUB. 165MM X60µm (TIP CORP)"
"TIP CORP","50901650580000","SOBRE PE S/M 165X580 PERF"
"TIP CORP","50901500240300","SOBRES PE S/M 150X240"
"MAGMA","125060000000","TELA VELOUR - PLUMA OPACA 3 mm"
"MAGMA","2275025000000","banda 45 cm velour"
"ADHESIVE BROKER","670010100000","BOSTIK PA5050E"
"BÖRNER KG (Mercurius)","100001490102","HILO DTEX 49/1x2 30522"
"BÖRNER KG (Mercurius)","100001490103","HILO DTEX 76/1x2 BLANCO"
"BÖRNER KG (Mercurius)","100001490104","HILO DTEX 74/1x3"
"KRÜGER (VER VICTOR)","800000001081","AQUINA - SALES P/ABLANDADOR DE AGUA"
"MULTIVAC (VER) revisar minimos con german","711460097401","JUNTAS 660MM-460097401 - VELVET"
"MULTIVAC (VER) revisar minimos con german","711460135401","JUNTA 550MM-46013540194 - ALIMENTACION"
"MULTIVAC (VER) revisar minimos con german","711460135402","JUNTAS 550MM-460135402 - SELDINGER"
"MULTIVAC (VER) revisar minimos con german","711460138401","JUNTAS 460138401 - DOBLE LUMEN"
"MULTIVAC (VER) revisar minimos con german","711460138402","JUNTAS 470MM-460138402 - ASP. CONTROLADA / NELATON"
"MULTIVAC (VER) revisar minimos con german","711818650011","JUNTAS T 81865001120 - P/CALEFACCION"
"MULTIVAC (VER) revisar minimos con german","744366644010","JUNTA 436664401"
"MULTIVAC (VER) revisar minimos con german","744615104010","MULTIVAC - JUNTA 345MM  (2CAV.) - 46151040194 - ENDOTRAQUEAL"
"MULTIVAC (VER) revisar minimos con german","744615184019","JUNTA 498MM 46151840194 (4CAV.) - FOLEY SILICONA"
"MULTIVAC (VER) revisar minimos con german","747075814720","MULTIVAC - JUNTA GASA / TRAQUEOSTOMIA - 47075814720"
"MULTIVAC (VER) revisar minimos con german","747142714720","MULTIVAC - JUNTAS (47142714720) - ESOFAGICA"
"MULTIVAC (VER) revisar minimos con german","748188634720","MULTIVAC - JUNTA EQUIPOS - 48188634720"
"MULTIVAC (VER) revisar minimos con german","748197844720","JUNTA JER. 2.5 Y 5 ML  48197844720"
"MULTIVAC (VER) revisar minimos con german","748197854720","JUNTA JER. 10 Y 20 ML"
"MULTIVAC (VER) revisar minimos con german","781861121032","MULTIVAC - JUNTA ""O"" SILICONA  (81861121032)"
"MULTIVAC (VER) revisar minimos con german","781865000020","MULTIVAC-JUNTA ""T"" 12/4,5x900  T:2  0,8 Rast - 81865000020"
"MULTIVAC (VER) revisar minimos con german","781865200020","MULTIVAC-JUNTA ""T"" 12/4,5x900  T:3  0,8 Rast - 81865200020"
"MULTIVAC (VER) revisar minimos con german","781866101481","MULTIVAC-JUNTA ""T"" 6/2,2x900  T:6,3  0,8 Rast - 818666101481 - CUCHILLA TRANSVERSAL"
"MULTIVAC (VER) revisar minimos con german","781881760000","JUNTA T P/MOLDE DE SOBRES (LOT 8176) - NACIONALES"
"JOKE TECHNOLOGY GMBH","800000001625","CAPUCHON P/PULIR SKWR0511 NK150"
"BLOBALMED INC","264068000000","CAPUCHON P/VALVULA DE SUCCION SUBGLOTICA I287C"
"IMCD (Mercurius)  -velox","159240600000","Tecoflex EG 85A B60"
"IMCD (Mercurius)  -velox","158200400000","Edenol D81"
"EMC DIRECT (Mercurius)","293800020132","TUB. TERMOCONT. FF201-32W (BL)"
"EMC DIRECT (Mercurius)","293800020148","TUB. TERMOCONT. FF201-48W (BL)"
"HAIYAN","106501520000","BALON DE CONTROL AZUL HAIYAN"
"HAIYAN","106501610000","BALON DE CONTROL CRISTAL HAIYAN"
"SYNEO","800000000675","SACABOCADO 0.82MM CR0420305N19R4"
"SYNEO","800000000676","SACABOCADO 1.02MM CR0500375N18R4"
"SYNEO","800000000677","SACABOCADO 1.21MM CR0580445N17R4"
"SYNEO","800000000679","SACABOCADO 0.90MM CR0500365N18R4"
"Mercurius","800000001270","PLANCHA DE ESPUMA AMARILLA 500X500X10 mm"
"Dexin (plaza , pero se les pasa el pedido para que ellos pidan a exterior )","640016000000","Butyl Lactate"
"SE COMPRA DE ALEMANIA, DESCONOZCO PROVEEDOR","931001010000","Indi biol 3M 1264 P  ( CAJA X 100 )"
"MOTEC S.A.","255012000000","CODO ASPIRATOR"
"MOTEC S.A.","255014000000","TAPA BLANCA ASPIRATOR"
"MOTEC S.A.","255013000000","TAPA AZUL ASPORATOR"
"PLASTICOS SORIANO","255019000000","BOLSA ASPIRATOR NEUTRA (ROLLO)"
"IGORPLAST","255019010000","BOLSA ASPIRATOR NEUTRA (ROLLO) PLAZA"
"PLASTICOS DUREX S.A.","255020000000","BOLSA ASPIRATOR 2L"
"PLASTICOS DUREX S.A.","255021000000","BOLSA ASPIRATOR 1 L"
"PLASTICOS DUREX S.A.","507028000000","FOLLETO ASPIRATOR"
"BAEXMO","255018000000","TUBO TIGON ASPIRATOR"
"SEMI","12981020000000","MANDRIL DOB.LUMEN REVESTIDO X600MM"
"SEMI","12981010000000","MANDRIL DOB.LUMEN REVESTIDO X525MM"
"A. MADRONA INYECCION TERMOPLASTICOS SL","800009921030","Junta Canister"
"FORT WAYNE MATALS","267999800002","Alambre de seguridad 9998-115992"
"SANDAKY S.A. - ENCRETEC","633030000000","RIBBON SMARTDATE X40 55mm x 1100m IN"
